{"accuracy": [0.1988888829946518, 0.3970833420753479, 0.5525694489479065, 0.609375, 0.6611805558204651, 0.7095833420753479, 0.7445833086967468, 0.7769444584846497, 0.809374988079071, 0.8388194441795349, 0.8654166460037231, 0.8853472471237183, 0.8988194465637207, 0.9082638621330261, 0.925208330154419, 0.933055579662323, 0.9373611211776733, 0.9426388740539551, 0.9484722018241882, 0.9553472399711609, 0.9586805701255798, 0.9629166722297668, 0.9632638692855835, 0.9681249856948853, 0.9681249856948853, 0.9743750095367432, 0.9756944179534912, 0.9776389002799988, 0.9786111116409302, 0.9800000190734863, 0.9809722304344177, 0.9915972352027893, 0.9913194179534912, 0.9925694465637207, 0.9918055534362793, 0.9922916889190674, 0.9967361092567444, 0.9965277910232544], "loss": [2.0370795726776123, 1.6496177911758423, 1.2129424810409546, 1.0594309568405151, 0.9215463399887085, 0.8027874827384949, 0.7089622020721436, 0.6218764185905457, 0.5384296178817749, 0.46939384937286377, 0.39754629135131836, 0.34035518765449524, 0.29909616708755493, 0.2706203758716583, 0.22895507514476776, 0.20816412568092346, 0.19257819652557373, 0.16988259553909302, 0.15596584975719452, 0.13609449565410614, 0.12805701792240143, 0.11488520354032516, 0.10863132774829865, 0.09580349177122116, 0.0963568389415741, 0.08078112453222275, 0.07274506986141205, 0.0669400542974472, 0.06407223641872406, 0.058961886912584305, 0.05599544942378998, 0.03184939920902252, 0.02884713001549244, 0.02726498432457447, 0.028237948194146156, 0.02503335289657116, 0.015224787406623363, 0.014337549917399883], "val_accuracy": [0.3144444525241852, 0.5105555653572083, 0.5905555486679077, 0.6341666579246521, 0.6941666603088379, 0.7358333468437195, 0.7522222399711609, 0.7477777600288391, 0.8088889122009277, 0.8394444584846497, 0.8738889098167419, 0.8808333277702332, 0.8899999856948853, 0.9141666889190674, 0.9152777791023254, 0.9133333563804626, 0.9283333420753479, 0.9313889145851135, 0.9402777552604675, 0.9366666674613953, 0.9397222399711609, 0.9444444179534912, 0.9461110830307007, 0.9430555701255798, 0.9463889002799988, 0.9530555605888367, 0.9547222256660461, 0.9491666555404663, 0.9502778053283691, 0.9463889002799988, 0.9541666507720947, 0.9563888907432556, 0.9597222208976746, 0.9588888883590698, 0.9599999785423279, 0.9588888883590698, 0.9594444632530212, 0.9619444608688354], "val_loss": [1.830049991607666, 1.3380868434906006, 1.1009987592697144, 0.9662269353866577, 0.8812089562416077, 0.7346771955490112, 0.6713253259658813, 0.6729261875152588, 0.5231959223747253, 0.43282783031463623, 0.37194913625717163, 0.36254724860191345, 0.31285610795021057, 0.25358760356903076, 0.2429402768611908, 0.2515050172805786, 0.20722247660160065, 0.19861003756523132, 0.18228858709335327, 0.1749916970729828, 0.17634129524230957, 0.16361987590789795, 0.16895104944705963, 0.17009559273719788, 0.1630844920873642, 0.14062583446502686, 0.13911908864974976, 0.138084277510643, 0.14323092997074127, 0.1630658060312271, 0.1435469388961792, 0.14263349771499634, 0.1215580403804779, 0.12714120745658875, 0.12448696792125702, 0.13214069604873657, 0.13434864580631256, 0.127760648727417], "learning_rate": [0.0010000000474974513, 0.0010000000474974513, 0.0010000000474974513, 0.0010000000474974513, 0.0010000000474974513, 0.0010000000474974513, 0.0010000000474974513, 0.0010000000474974513, 0.0010000000474974513, 0.0010000000474974513, 0.0010000000474974513, 0.0010000000474974513, 0.0010000000474974513, 0.0010000000474974513, 0.0010000000474974513, 0.0010000000474974513, 0.0010000000474974513, 0.0010000000474974513, 0.0010000000474974513, 0.0010000000474974513, 0.0010000000474974513, 0.0010000000474974513, 0.0010000000474974513, 0.0010000000474974513, 0.0010000000474974513, 0.0010000000474974513, 0.0010000000474974513, 0.0010000000474974513, 0.0010000000474974513, 0.0010000000474974513, 0.0010000000474974513, 0.0005000000237487257, 0.0005000000237487257, 0.0005000000237487257, 0.0005000000237487257, 0.0005000000237487257, 0.0002500000118743628, 0.0002500000118743628]}